Nama File,Nama,NIK,Tempat Lahir,Tanggal Lahir,Alamat
AGUS_RIYADI_7852.png,AGUS RIYADI,3518090103817852,BLITAR,01-03-1981,"DUSUN JATI NO. 130, RT/RW 004/003, DESA WATES, KEC. TANJUNGANOM, KAB. NGANJUK"
AGUS_WAHYUDI_6815.png,AGUS WAHYUDI,3518091305976815,JOMBANG,13-05-1997,"DUSUN JATI NO. 24, RT/RW 005/002, DESA WATES, KEC. TANJUNGANOM, KAB. NGANJUK"
AGUS_WAHYUDI_8694.png,AGUS WAHYUDI,3518091411868694,KEDIRI,14-11-1986,"DUSUN JATI NO. 90, RT/RW 002/002, DESA WATES, KEC. TANJUNGANOM, KAB. NGANJUK"
AHMAD_FIRMANSYAH_9730.png,AHMAD FIRMANSYAH,3518090811039730,MALANG,08-11-2003,"DUSUN NGADIREJO NO. 60, RT/RW 003/001, DESA WATES, KEC. TANJUNGANOM, KAB. NGANJUK"
AHMAD_KUSUMA_5681.png,AHMAD KUSUMA,3518091308005681,MALANG,13-08-2000,"DUSUN JATI NO. 67, RT/RW 005/003, DESA WATES, KEC. TANJUNGANOM, KAB. NGANJUK"
AHMAD_PURNOMO_6354.png,AHMAD PURNOMO,3518090403886354,SURABAYA,04-03-1988,"DUSUN KARANGSONO NO. 144, RT/RW 001/003, DESA WATES, KEC. TANJUNGANOM, KAB. NGANJUK"
AHMAD_SETIAWAN_4089.png,AHMAD SETIAWAN,3518090504874089,MADIUN,05-04-1987,"DUSUN SIDOMULYO NO. 66, RT/RW 001/002, DESA WATES, KEC. TANJUNGANOM, KAB. NGANJUK"
ANANG_4935.png,ANANG,3518090102994935,BLITAR,01-02-1999,"DUSUN NGADIREJO NO. 92, RT/RW 005/003, DESA WATES, KEC. TANJUNGANOM, KAB. NGANJUK"
ANDI_SANTOSO_0646.png,ANDI SANTOSO,3518090207960646,KEDIRI,02-07-1996,"DUSUN SUMBERAGUNG NO. 149, RT/RW 004/001, DESA WATES, KEC. TANJUNGANOM, KAB. NGANJUK"
ANDI_SAPUTRA_0991.png,ANDI SAPUTRA,3518092708030991,NGANJUK,27-08-2003,"DUSUN KARANGSONO NO. 74, RT/RW 004/003, DESA WATES, KEC. TANJUNGANOM, KAB. NGANJUK"
ANISA_SETIAWAN_1997.png,ANISA SETIAWAN,3518094206861997,KERTOSONO,02-06-1986,"DUSUN JATI NO. 102, RT/RW 005/002, DESA WATES, KEC. TANJUNGANOM, KAB. NGANJUK"
ANISA_WAHYUDI_8977.png,ANISA WAHYUDI,3518096806808977,SURABAYA,28-06-1980,"DUSUN NGADIREJO NO. 122, RT/RW 002/003, DESA WATES, KEC. TANJUNGANOM, KAB. NGANJUK"
ANI_8304.png,ANI,3518095005058304,KERTOSONO,10-05-2005,"DUSUN NGADIREJO NO. 146, RT/RW 002/003, DESA WATES, KEC. TANJUNGANOM, KAB. NGANJUK"
ANI_SANTOSO_8001.png,ANI SANTOSO,3518095602988001,MOJOKERTO,16-02-1998,"DUSUN KRAJAN NO. 16, RT/RW 005/003, DESA WATES, KEC. TANJUNGANOM, KAB. NGANJUK"
ANI_SETIAWAN_9403.png,ANI SETIAWAN,3518096402989403,KEDIRI,24-02-1998,"DUSUN SIDOMULYO NO. 131, RT/RW 001/001, DESA WATES, KEC. TANJUNGANOM, KAB. NGANJUK"
BAGUS_SUHARTO_8716.png,BAGUS SUHARTO,3518091404898716,SURABAYA,14-04-1989,"DUSUN NGADIREJO NO. 118, RT/RW 002/001, DESA WATES, KEC. TANJUNGANOM, KAB. NGANJUK"
BAGUS_UTOMO_9541.png,BAGUS UTOMO,3518092602839541,KEDIRI,26-02-1983,"DUSUN JATI NO. 6, RT/RW 003/001, DESA WATES, KEC. TANJUNGANOM, KAB. NGANJUK"
BAMBANG_KUNCORO_2574.png,BAMBANG KUNCORO,3518092007812574,SURABAYA,20-07-1981,"DUSUN WATES NO. 53, RT/RW 001/002, DESA WATES, KEC. TANJUNGANOM, KAB. NGANJUK"
BAMBANG_RIYADI_4957.png,BAMBANG RIYADI,3518091201854957,MOJOKERTO,12-01-1985,"DUSUN JATI NO. 142, RT/RW 005/001, DESA WATES, KEC. TANJUNGANOM, KAB. NGANJUK"
DEDI_6791.png,DEDI,3518092004936791,MALANG,20-04-1993,"DUSUN SIDOMULYO NO. 99, RT/RW 005/001, DESA WATES, KEC. TANJUNGANOM, KAB. NGANJUK"
DEDI_PURNOMO_2174.png,DEDI PURNOMO,3518090512952174,TANJUNGANOM,05-12-1995,"DUSUN SIDOMULYO NO. 139, RT/RW 002/003, DESA WATES, KEC. TANJUNGANOM, KAB. NGANJUK"
DEWI_PRASETYO_8831.png,DEWI PRASETYO,3518094201998831,MOJOKERTO,02-01-1999,"DUSUN SUMBERAGUNG NO. 150, RT/RW 005/002, DESA WATES, KEC. TANJUNGANOM, KAB. NGANJUK"
DEWI_SAPUTRA_9201.png,DEWI SAPUTRA,3518096404089201,SURABAYA,24-04-2008,"DUSUN JATI NO. 126, RT/RW 004/002, DESA WATES, KEC. TANJUNGANOM, KAB. NGANJUK"
DEWI_WAHYUDI_9190.png,DEWI WAHYUDI,3518095608059190,MADIUN,16-08-2005,"DUSUN SUMBERAGUNG NO. 97, RT/RW 004/003, DESA WATES, KEC. TANJUNGANOM, KAB. NGANJUK"
DIAH_1585.png,DIAH,3518094401941585,JOMBANG,04-01-1994,"DUSUN WATES NO. 106, RT/RW 003/003, DESA WATES, KEC. TANJUNGANOM, KAB. NGANJUK"
DONI_PRASETYO_2475.png,DONI PRASETYO,3518092910812475,KEDIRI,29-10-1981,"DUSUN WATES NO. 117, RT/RW 002/003, DESA WATES, KEC. TANJUNGANOM, KAB. NGANJUK"
DONI_PURNOMO_1481.png,DONI PURNOMO,3518091812031481,MADIUN,18-12-2003,"DUSUN NGADIREJO NO. 26, RT/RW 001/003, DESA WATES, KEC. TANJUNGANOM, KAB. NGANJUK"
DONI_RIYADI_7136.png,DONI RIYADI,3518092102817136,JOMBANG,21-02-1981,"DUSUN KRAJAN NO. 70, RT/RW 005/003, DESA WATES, KEC. TANJUNGANOM, KAB. NGANJUK"
DWI_4077.png,DWI,3518091705884077,NGANJUK,17-05-1988,"DUSUN KRAJAN NO. 34, RT/RW 003/002, DESA WATES, KEC. TANJUNGANOM, KAB. NGANJUK"
EKO_FIRMANSYAH_7909.png,EKO FIRMANSYAH,3518090911047909,BLITAR,09-11-2004,"DUSUN KARANGSONO NO. 113, RT/RW 005/003, DESA WATES, KEC. TANJUNGANOM, KAB. NGANJUK"
EKO_SUSANTO_9892.png,EKO SUSANTO,3518090203039892,TANJUNGANOM,02-03-2003,"DUSUN SUMBERAGUNG NO. 118, RT/RW 001/003, DESA WATES, KEC. TANJUNGANOM, KAB. NGANJUK"
ENDANG_HANDOKO_3947.png,ENDANG HANDOKO,3518095211763947,TANJUNGANOM,12-11-1976,"DUSUN SUMBERAGUNG NO. 130, RT/RW 003/001, DESA WATES, KEC. TANJUNGANOM, KAB. NGANJUK"
ENDANG_RIYADI_4808.png,ENDANG RIYADI,3518096810964808,NGANJUK,28-10-1996,"DUSUN KRAJAN NO. 11, RT/RW 001/001, DESA WATES, KEC. TANJUNGANOM, KAB. NGANJUK"
ENDANG_SANTOSO_6512.png,ENDANG SANTOSO,3518095604016512,MADIUN,16-04-2001,"DUSUN KARANGSONO NO. 24, RT/RW 005/002, DESA WATES, KEC. TANJUNGANOM, KAB. NGANJUK"
ERNA_KUNCORO_3204.png,ERNA KUNCORO,3518094607933204,BLITAR,06-07-1993,"DUSUN NGADIREJO NO. 78, RT/RW 001/001, DESA WATES, KEC. TANJUNGANOM, KAB. NGANJUK"
ERNA_SAPUTRA_3273.png,ERNA SAPUTRA,3518095310003273,BLITAR,13-10-2000,"DUSUN KARANGSONO NO. 52, RT/RW 003/003, DESA WATES, KEC. TANJUNGANOM, KAB. NGANJUK"
FAJAR_1668.png,FAJAR,3518090312941668,BLITAR,03-12-1994,"DUSUN KARANGSONO NO. 94, RT/RW 005/001, DESA WATES, KEC. TANJUNGANOM, KAB. NGANJUK"
FAJAR_HIDAYAT_9879.png,FAJAR HIDAYAT,3518091509959879,BLITAR,15-09-1995,"DUSUN WATES NO. 144, RT/RW 001/001, DESA WATES, KEC. TANJUNGANOM, KAB. NGANJUK"
FAJAR_UTOMO_2175.png,FAJAR UTOMO,3518091909812175,JOMBANG,19-09-1981,"DUSUN KRAJAN NO. 83, RT/RW 002/003, DESA WATES, KEC. TANJUNGANOM, KAB. NGANJUK"
FAJAR_WAHYUDI_4309.png,FAJAR WAHYUDI,3518092703874309,KEDIRI,27-03-1987,"DUSUN SIDOMULYO NO. 20, RT/RW 005/003, DESA WATES, KEC. TANJUNGANOM, KAB. NGANJUK"
FITRI_PURNOMO_1480.png,FITRI PURNOMO,3518095809051480,KEDIRI,18-09-2005,"DUSUN JATI NO. 99, RT/RW 005/003, DESA WATES, KEC. TANJUNGANOM, KAB. NGANJUK"
FITRI_UTOMO_0849.png,FITRI UTOMO,3518094110910849,JOMBANG,01-10-1991,"DUSUN NGADIREJO NO. 60, RT/RW 003/003, DESA WATES, KEC. TANJUNGANOM, KAB. NGANJUK"
HADI_SAPUTRO_9434.png,HADI SAPUTRO,3518091410889434,KERTOSONO,14-10-1988,"DUSUN SIDOMULYO NO. 51, RT/RW 004/002, DESA WATES, KEC. TANJUNGANOM, KAB. NGANJUK"
HADI_SAPUTRO_HIDAYAT_7036.png,HADI SAPUTRO HIDAYAT,3518092210997036,TANJUNGANOM,22-10-1999,"DUSUN SUMBERAGUNG NO. 71, RT/RW 002/001, DESA WATES, KEC. TANJUNGANOM, KAB. NGANJUK"
HADI_SAPUTRO_PURNOMO_4098.png,HADI SAPUTRO PURNOMO,3518091202804098,SURABAYA,12-02-1980,"DUSUN NGADIREJO NO. 99, RT/RW 003/001, DESA WATES, KEC. TANJUNGANOM, KAB. NGANJUK"
HENDRA_8117.png,HENDRA,3518092103978117,SURABAYA,21-03-1997,"DUSUN KRAJAN NO. 3, RT/RW 003/001, DESA WATES, KEC. TANJUNGANOM, KAB. NGANJUK"
HENDRA_GUNAWAN_0627.png,HENDRA GUNAWAN,3518093112000627,KERTOSONO,31-12-2000,"DUSUN WATES NO. 89, RT/RW 005/002, DESA WATES, KEC. TANJUNGANOM, KAB. NGANJUK"
HENDRA_WAHYUDI_0823.png,HENDRA WAHYUDI,3518091012800823,MALANG,10-12-1980,"DUSUN JATI NO. 117, RT/RW 002/001, DESA WATES, KEC. TANJUNGANOM, KAB. NGANJUK"
HENDRA_WIJAYA_6558.png,HENDRA WIJAYA,3518091102856558,SURABAYA,11-02-1985,"DUSUN NGADIREJO NO. 123, RT/RW 003/002, DESA WATES, KEC. TANJUNGANOM, KAB. NGANJUK"
HERI_HANDOKO_5913.png,HERI HANDOKO,3518093010955913,NGANJUK,30-10-1995,"DUSUN JATI NO. 120, RT/RW 005/002, DESA WATES, KEC. TANJUNGANOM, KAB. NGANJUK"
HERI_PRASETYO_1680.png,HERI PRASETYO,3518090701071680,JOMBANG,07-01-2007,"DUSUN SIDOMULYO NO. 109, RT/RW 005/001, DESA WATES, KEC. TANJUNGANOM, KAB. NGANJUK"
HERI_PURNOMO_3000.png,HERI PURNOMO,3518091910873000,KEDIRI,19-10-1987,"DUSUN SUMBERAGUNG NO. 100, RT/RW 002/003, DESA WATES, KEC. TANJUNGANOM, KAB. NGANJUK"
HERI_SANTOSO_7033.png,HERI SANTOSO,3518090906767033,KERTOSONO,09-06-1976,"DUSUN WATES NO. 62, RT/RW 005/002, DESA WATES, KEC. TANJUNGANOM, KAB. NGANJUK"
HERI_UTOMO_5934.png,HERI UTOMO,3518092309995934,TANJUNGANOM,23-09-1999,"DUSUN NGADIREJO NO. 40, RT/RW 005/001, DESA WATES, KEC. TANJUNGANOM, KAB. NGANJUK"
IMAM_2074.png,IMAM,3518091911842074,MOJOKERTO,19-11-1984,"DUSUN SUMBERAGUNG NO. 142, RT/RW 001/001, DESA WATES, KEC. TANJUNGANOM, KAB. NGANJUK"
IMAM_FIRMANSYAH_6593.png,IMAM FIRMANSYAH,3518090605896593,TANJUNGANOM,06-05-1989,"DUSUN SIDOMULYO NO. 33, RT/RW 003/003, DESA WATES, KEC. TANJUNGANOM, KAB. NGANJUK"
IMAM_PURNOMO_2912.png,IMAM PURNOMO,3518090103972912,JOMBANG,01-03-1997,"DUSUN SIDOMULYO NO. 147, RT/RW 001/003, DESA WATES, KEC. TANJUNGANOM, KAB. NGANJUK"
IMAM_SETIAWAN_2391.png,IMAM SETIAWAN,3518090401002391,MALANG,04-01-2000,"DUSUN WATES NO. 71, RT/RW 002/002, DESA WATES, KEC. TANJUNGANOM, KAB. NGANJUK"
IMAM_UTOMO_6944.png,IMAM UTOMO,3518092606926944,KERTOSONO,26-06-1992,"DUSUN NGADIREJO NO. 65, RT/RW 003/002, DESA WATES, KEC. TANJUNGANOM, KAB. NGANJUK"
INDAH_HIDAYAT_3044.png,INDAH HIDAYAT,3518095802943044,SURABAYA,18-02-1994,"DUSUN SIDOMULYO NO. 98, RT/RW 005/003, DESA WATES, KEC. TANJUNGANOM, KAB. NGANJUK"
INDAH_KUSUMA_1600.png,INDAH KUSUMA,3518096207981600,KERTOSONO,22-07-1998,"DUSUN NGADIREJO NO. 67, RT/RW 002/003, DESA WATES, KEC. TANJUNGANOM, KAB. NGANJUK"
INDAH_PRASETYO_3609.png,INDAH PRASETYO,3518095706073609,BLITAR,17-06-2007,"DUSUN WATES NO. 16, RT/RW 001/003, DESA WATES, KEC. TANJUNGANOM, KAB. NGANJUK"
INDAH_SUHARTO_1490.png,INDAH SUHARTO,3518094709811490,NGANJUK,07-09-1981,"DUSUN KARANGSONO NO. 78, RT/RW 005/003, DESA WATES, KEC. TANJUNGANOM, KAB. NGANJUK"
IRFAN_GUNAWAN_3729.png,IRFAN GUNAWAN,3518090201783729,BLITAR,02-01-1978,"DUSUN SIDOMULYO NO. 123, RT/RW 001/003, DESA WATES, KEC. TANJUNGANOM, KAB. NGANJUK"
IRFAN_KUSUMA_5754.png,IRFAN KUSUMA,3518092706085754,MALANG,27-06-2008,"DUSUN SIDOMULYO NO. 39, RT/RW 002/003, DESA WATES, KEC. TANJUNGANOM, KAB. NGANJUK"
IWAN_FIRMANSYAH_9947.png,IWAN FIRMANSYAH,3518090304919947,MALANG,03-04-1991,"DUSUN NGADIREJO NO. 56, RT/RW 004/002, DESA WATES, KEC. TANJUNGANOM, KAB. NGANJUK"
IWAN_GUNAWAN_8566.png,IWAN GUNAWAN,3518092203038566,BLITAR,22-03-2003,"DUSUN SUMBERAGUNG NO. 81, RT/RW 003/001, DESA WATES, KEC. TANJUNGANOM, KAB. NGANJUK"
IWAN_HIDAYAT_7658.png,IWAN HIDAYAT,3518090802847658,JOMBANG,08-02-1984,"DUSUN KRAJAN NO. 7, RT/RW 005/003, DESA WATES, KEC. TANJUNGANOM, KAB. NGANJUK"
IWAN_SUSANTO_0726.png,IWAN SUSANTO,3518092512010726,JOMBANG,25-12-2001,"DUSUN JATI NO. 111, RT/RW 004/002, DESA WATES, KEC. TANJUNGANOM, KAB. NGANJUK"
IWAN_WAHYUDI_3815.png,IWAN WAHYUDI,3518091409923815,MADIUN,14-09-1992,"DUSUN WATES NO. 85, RT/RW 001/002, DESA WATES, KEC. TANJUNGANOM, KAB. NGANJUK"
KARYONO_PRASETYO_6659.png,KARYONO PRASETYO,3518090610076659,JOMBANG,06-10-2007,"DUSUN NGADIREJO NO. 103, RT/RW 004/001, DESA WATES, KEC. TANJUNGANOM, KAB. NGANJUK"
KARYONO_PURNOMO_5752.png,KARYONO PURNOMO,3518091408915752,TANJUNGANOM,14-08-1991,"DUSUN WATES NO. 145, RT/RW 002/001, DESA WATES, KEC. TANJUNGANOM, KAB. NGANJUK"
KHUSNUL_SAPUTRA_8009.png,KHUSNUL SAPUTRA,3518095810798009,BLITAR,18-10-1979,"DUSUN WATES NO. 15, RT/RW 005/002, DESA WATES, KEC. TANJUNGANOM, KAB. NGANJUK"
KHUSNUL_SETIAWAN_9233.png,KHUSNUL SETIAWAN,3518096709059233,MOJOKERTO,27-09-2005,"DUSUN SIDOMULYO NO. 81, RT/RW 001/001, DESA WATES, KEC. TANJUNGANOM, KAB. NGANJUK"
KHUSNUL_WIJAYA_7268.png,KHUSNUL WIJAYA,3518096603837268,MALANG,26-03-1983,"DUSUN WATES NO. 38, RT/RW 001/002, DESA WATES, KEC. TANJUNGANOM, KAB. NGANJUK"
KUSNADI_3626.png,KUSNADI,3518092701853626,BLITAR,27-01-1985,"DUSUN SIDOMULYO NO. 67, RT/RW 002/001, DESA WATES, KEC. TANJUNGANOM, KAB. NGANJUK"
KUSNADI_FIRMANSYAH_8891.png,KUSNADI FIRMANSYAH,3518092109948891,TANJUNGANOM,21-09-1994,"DUSUN NGADIREJO NO. 53, RT/RW 004/001, DESA WATES, KEC. TANJUNGANOM, KAB. NGANJUK"
KUSNADI_HIDAYAT_1238.png,KUSNADI HIDAYAT,3518090707911238,MALANG,07-07-1991,"DUSUN SIDOMULYO NO. 132, RT/RW 001/002, DESA WATES, KEC. TANJUNGANOM, KAB. NGANJUK"
KUSNADI_WIJAYA_4424.png,KUSNADI WIJAYA,3518092101084424,MOJOKERTO,21-01-2008,"DUSUN JATI NO. 36, RT/RW 005/003, DESA WATES, KEC. TANJUNGANOM, KAB. NGANJUK"
LESTARI_HANDOKO_4912.png,LESTARI HANDOKO,3518094605764912,BLITAR,06-05-1976,"DUSUN NGADIREJO NO. 85, RT/RW 001/002, DESA WATES, KEC. TANJUNGANOM, KAB. NGANJUK"
LESTARI_SUHARTO_0195.png,LESTARI SUHARTO,3518096308060195,SURABAYA,23-08-2006,"DUSUN WATES NO. 71, RT/RW 005/003, DESA WATES, KEC. TANJUNGANOM, KAB. NGANJUK"
LESTARI_SUSANTO_7405.png,LESTARI SUSANTO,3518096010817405,MADIUN,20-10-1981,"DUSUN SUMBERAGUNG NO. 31, RT/RW 004/002, DESA WATES, KEC. TANJUNGANOM, KAB. NGANJUK"
LESTARI_UTOMO_5054.png,LESTARI UTOMO,3518095404845054,TANJUNGANOM,14-04-1984,"DUSUN SUMBERAGUNG NO. 128, RT/RW 003/003, DESA WATES, KEC. TANJUNGANOM, KAB. NGANJUK"
LESTARI_WAHYUDI_2199.png,LESTARI WAHYUDI,3518095407792199,MALANG,14-07-1979,"DUSUN KARANGSONO NO. 70, RT/RW 005/002, DESA WATES, KEC. TANJUNGANOM, KAB. NGANJUK"
MARDIANA_SETIAWAN_6243.png,MARDIANA SETIAWAN,3518097007856243,BLITAR,30-07-1985,"DUSUN KARANGSONO NO. 60, RT/RW 003/001, DESA WATES, KEC. TANJUNGANOM, KAB. NGANJUK"
MARDIANA_SUHARTO_1552.png,MARDIANA SUHARTO,3518097005801552,MADIUN,30-05-1980,"DUSUN NGADIREJO NO. 32, RT/RW 001/001, DESA WATES, KEC. TANJUNGANOM, KAB. NGANJUK"
MIFTAHUL_3377.png,MIFTAHUL,3518093006823377,MADIUN,30-06-1982,"DUSUN WATES NO. 9, RT/RW 001/003, DESA WATES, KEC. TANJUNGANOM, KAB. NGANJUK"
NGATINI_RIYADI_2415.png,NGATINI RIYADI,3518095011022415,MOJOKERTO,10-11-2002,"DUSUN KARANGSONO NO. 57, RT/RW 004/001, DESA WATES, KEC. TANJUNGANOM, KAB. NGANJUK"
NURHAYATI_1691.png,NURHAYATI,3518095512031691,KEDIRI,15-12-2003,"DUSUN SUMBERAGUNG NO. 36, RT/RW 003/002, DESA WATES, KEC. TANJUNGANOM, KAB. NGANJUK"
NURHAYATI_KUNCORO_9618.png,NURHAYATI KUNCORO,3518096006889618,SURABAYA,20-06-1988,"DUSUN WATES NO. 118, RT/RW 003/002, DESA WATES, KEC. TANJUNGANOM, KAB. NGANJUK"
NURHAYATI_SUHARTO_9045.png,NURHAYATI SUHARTO,3518094310039045,SURABAYA,03-10-2003,"DUSUN SUMBERAGUNG NO. 118, RT/RW 003/003, DESA WATES, KEC. TANJUNGANOM, KAB. NGANJUK"
NUR_HADI_SETIAWAN_1230.png,NUR HADI SETIAWAN,3518093006861230,NGANJUK,30-06-1986,"DUSUN SIDOMULYO NO. 132, RT/RW 004/002, DESA WATES, KEC. TANJUNGANOM, KAB. NGANJUK"
NUR_HADI_WAHYUDI_2035.png,NUR HADI WAHYUDI,3518092510962035,NGANJUK,25-10-1996,"DUSUN JATI NO. 43, RT/RW 002/002, DESA WATES, KEC. TANJUNGANOM, KAB. NGANJUK"
PAINEM_KUSUMA_5599.png,PAINEM KUSUMA,3518096102075599,MADIUN,21-02-2007,"DUSUN KARANGSONO NO. 58, RT/RW 004/001, DESA WATES, KEC. TANJUNGANOM, KAB. NGANJUK"
PRIYONO_PRASETYO_6376.png,PRIYONO PRASETYO,3518091111886376,BLITAR,11-11-1988,"DUSUN SIDOMULYO NO. 99, RT/RW 005/002, DESA WATES, KEC. TANJUNGANOM, KAB. NGANJUK"
SETIAWAN_SUSANTO_9244.png,SETIAWAN SUSANTO,3518091605809244,KEDIRI,16-05-1980,"DUSUN WATES NO. 130, RT/RW 001/003, DESA WATES, KEC. TANJUNGANOM, KAB. NGANJUK"
SITI_5870.png,SITI,3518095206885870,MALANG,12-06-1988,"DUSUN KARANGSONO NO. 102, RT/RW 001/003, DESA WATES, KEC. TANJUNGANOM, KAB. NGANJUK"
SLAMET_SETIAWAN_8809.png,SLAMET SETIAWAN,3518091601948809,MADIUN,16-01-1994,"DUSUN SUMBERAGUNG NO. 145, RT/RW 002/002, DESA WATES, KEC. TANJUNGANOM, KAB. NGANJUK"
SRI_RIYADI_5130.png,SRI RIYADI,3518097103065130,KEDIRI,31-03-2006,"DUSUN JATI NO. 104, RT/RW 004/003, DESA WATES, KEC. TANJUNGANOM, KAB. NGANJUK"
SUGENG_GUNAWAN_8511.png,SUGENG GUNAWAN,3518092809778511,MADIUN,28-09-1977,"DUSUN SIDOMULYO NO. 3, RT/RW 004/001, DESA WATES, KEC. TANJUNGANOM, KAB. NGANJUK"
